length_comp,weight_comp,tag_data,cpue,age,penalties
-74422.8263537119,-962377.184664266,6232.80471080114,1047.84,1597.60339192026,391.558429776342
