npar,objfun,gradient,start,hours
3067,-1027530.20448548,9.82882996634481e-06,2023-07-18 13:56:56,17.6941666666667
